{"cameraMode":{"drawMode":0,"name":"Shaded","section":"Shading Mode"},"sceneLighting":false,"audioPlay":false,"sceneViewState":{"showFog":true,"showMaterialUpdate":false,"showSkybox":true,"showFlares":true,"showImageEffects":true,"showParticleSystems":true},"in2DMode":false,"pivot":{"x":-0.006709784269332886,"y":1.0109511613845826,"z":4.1845269203186039},"rotation":{"x":-0.09913630783557892,"y":-0.014331354759633541,"z":0.001427928451448679,"w":-0.9949696063995361},"size":4.75297212600708,"orthographic":false}